Workbook

Sheet Legend
A1: Date (DD/MM/YY): | E1: q1: | G1: q3:
A2: Description: | E2: q2: | G2: q4:
A3: Sample type: | B3: Control plate
A4: Well | B4: Row | C4: Column | D4: Code | E4: Fraction | F4: Treatment | G4: Concentration | H4: Units | I4: KCFL_Plate | J4: KCFL_Well | K4: Merge_Image
A5: A01 | B5: A | C5: 01 | D5: =Names!$B$2 -> DMSO | E5: =IF(LEFT(D5,2)="KC",IF(_xlfn.CEILING.MATH(C5/2)-2<1,"",_xlfn.CEILING.MATH(C5/2)-2),"") | F5: =IF(E5="",D5,_xlfn.CONCAT(D5,"_",E5)) -> DMSO | G5: =Concentrations!$B$2 -> 0 | H5: % | I5: {=IF(MOD(COLUMN(INDIRECT(B5&1)),2)=1,IF(MOD(C5,2)=1,$F$1,$F$2),IF(MOD(C5,2)=1,$H$1,$H$2))} -> 0
A6: A02 | B6: A | C6: 02 | D6: =Names!$C$2 -> DMSO | E6: =IF(LEFT(D6,2)="KC",IF(_xlfn.CEILING.MATH(C6/2)-2<1,"",_xlfn.CEILING.MATH(C6/2)-2),"") | F6: =IF(E6="",D6,_xlfn.CONCAT(D6,"_",E6)) -> DMSO | G6: =Concentrations!$C$2 -> 0 | H6: % | I6: {=IF(MOD(COLUMN(INDIRECT(B6&1)),2)=1,IF(MOD(C6,2)=1,$F$1,$F$2),IF(MOD(C6,2)=1,$H$1,$H$2))} -> 0
A7: A03 | B7: A | C7: 03 | D7: =Names!$D$2 -> 0 | E7: =IF(LEFT(D7,2)="KC",IF(_xlfn.CEILING.MATH(C7/2)-2<1,"",_xlfn.CEILING.MATH(C7/2)-2),"") | F7: =IF(E7="",D7,_xlfn.CONCAT(D7,"_",E7)) -> 0 | G7: =Concentrations!$D$2 -> 0 | H7: % | I7: {=IF(MOD(COLUMN(INDIRECT(B7&1)),2)=1,IF(MOD(C7,2)=1,$F$1,$F$2),IF(MOD(C7,2)=1,$H$1,$H$2))} -> 0
A8: A04 | B8: A | C8: 04 | D8: =Names!$E$2 -> 0 | E8: =IF(LEFT(D8,2)="KC",IF(_xlfn.CEILING.MATH(C8/2)-2<1,"",_xlfn.CEILING.MATH(C8/2)-2),"") | F8: =IF(E8="",D8,_xlfn.CONCAT(D8,"_",E8)) -> 0 | G8: =Concentrations!$E$2 -> 0 | H8: % | I8: {=IF(MOD(COLUMN(INDIRECT(B8&1)),2)=1,IF(MOD(C8,2)=1,$F$1,$F$2),IF(MOD(C8,2)=1,$H$1,$H$2))} -> 0
A9: A05 | B9: A | C9: 05 | D9: =Names!$F$2 -> 0 | E9: =IF(LEFT(D9,2)="KC",IF(_xlfn.CEILING.MATH(C9/2)-2<1,"",_xlfn.CEILING.MATH(C9/2)-2),"") | F9: =IF(E9="",D9,_xlfn.CONCAT(D9,"_",E9)) -> 0 | G9: =Concentrations!$F$2 -> 0 | H9: % | I9: {=IF(MOD(COLUMN(INDIRECT(B9&1)),2)=1,IF(MOD(C9,2)=1,$F$1,$F$2),IF(MOD(C9,2)=1,$H$1,$H$2))} -> 0
A10: A06 | B10: A | C10: 06 | D10: =Names!$G$2 -> 0 | E10: =IF(LEFT(D10,2)="KC",IF(_xlfn.CEILING.MATH(C10/2)-2<1,"",_xlfn.CEILING.MATH(C10/2)-2),"") | F10: =IF(E10="",D10,_xlfn.CONCAT(D10,"_",E10)) -> 0 | G10: =Concentrations!$G$2 -> 0 | H10: % | I10: {=IF(MOD(COLUMN(INDIRECT(B10&1)),2)=1,IF(MOD(C10,2)=1,$F$1,$F$2),IF(MOD(C10,2)=1,$H$1,$H$2))} -> 0
A11: A07 | B11: A | C11: 07 | D11: =Names!$H$2 -> 0 | E11: =IF(LEFT(D11,2)="KC",IF(_xlfn.CEILING.MATH(C11/2)-2<1,"",_xlfn.CEILING.MATH(C11/2)-2),"") | F11: =IF(E11="",D11,_xlfn.CONCAT(D11,"_",E11)) -> 0 | G11: =Concentrations!$H$2 -> 0 | H11: % | I11: {=IF(MOD(COLUMN(INDIRECT(B11&1)),2)=1,IF(MOD(C11,2)=1,$F$1,$F$2),IF(MOD(C11,2)=1,$H$1,$H$2))} -> 0
A12: A08 | B12: A | C12: 08 | D12: =Names!$I$2 -> 0 | E12: =IF(LEFT(D12,2)="KC",IF(_xlfn.CEILING.MATH(C12/2)-2<1,"",_xlfn.CEILING.MATH(C12/2)-2),"") | F12: =IF(E12="",D12,_xlfn.CONCAT(D12,"_",E12)) -> 0 | G12: =Concentrations!$I$2 -> 0 | H12: % | I12: {=IF(MOD(COLUMN(INDIRECT(B12&1)),2)=1,IF(MOD(C12,2)=1,$F$1,$F$2),IF(MOD(C12,2)=1,$H$1,$H$2))} -> 0
A13: A09 | B13: A | C13: 09 | D13: =Names!$J$2 -> 0 | E13: =IF(LEFT(D13,2)="KC",IF(_xlfn.CEILING.MATH(C13/2)-2<1,"",_xlfn.CEILING.MATH(C13/2)-2),"") | F13: =IF(E13="",D13,_xlfn.CONCAT(D13,"_",E13)) -> 0 | G13: =Concentrations!$J$2 -> 0 | H13: % | I13: {=IF(MOD(COLUMN(INDIRECT(B13&1)),2)=1,IF(MOD(C13,2)=1,$F$1,$F$2),IF(MOD(C13,2)=1,$H$1,$H$2))} -> 0
A14: A10 | B14: A | C14: 10 | D14: =Names!$K$2 -> 0 | E14: =IF(LEFT(D14,2)="KC",IF(_xlfn.CEILING.MATH(C14/2)-2<1,"",_xlfn.CEILING.MATH(C14/2)-2),"") | F14: =IF(E14="",D14,_xlfn.CONCAT(D14,"_",E14)) -> 0 | G14: =Concentrations!$K$2 -> 0 | H14: % | I14: {=IF(MOD(COLUMN(INDIRECT(B14&1)),2)=1,IF(MOD(C14,2)=1,$F$1,$F$2),IF(MOD(C14,2)=1,$H$1,$H$2))} -> 0
A15: A11 | B15: A | C15: 11 | D15: =Names!$L$2 -> 0 | E15: =IF(LEFT(D15,2)="KC",IF(_xlfn.CEILING.MATH(C15/2)-2<1,"",_xlfn.CEILING.MATH(C15/2)-2),"") | F15: =IF(E15="",D15,_xlfn.CONCAT(D15,"_",E15)) -> 0 | G15: =Concentrations!$L$2 -> 0 | H15: % | I15: {=IF(MOD(COLUMN(INDIRECT(B15&1)),2)=1,IF(MOD(C15,2)=1,$F$1,$F$2),IF(MOD(C15,2)=1,$H$1,$H$2))} -> 0
A16: A12 | B16: A | C16: 12 | D16: =Names!$M$2 -> 0 | E16: =IF(LEFT(D16,2)="KC",IF(_xlfn.CEILING.MATH(C16/2)-2<1,"",_xlfn.CEILING.MATH(C16/2)-2),"") | F16: =IF(E16="",D16,_xlfn.CONCAT(D16,"_",E16)) -> 0 | G16: =Concentrations!$M$2 -> 0 | H16: % | I16: {=IF(MOD(COLUMN(INDIRECT(B16&1)),2)=1,IF(MOD(C16,2)=1,$F$1,$F$2),IF(MOD(C16,2)=1,$H$1,$H$2))} -> 0
A17: A13 | B17: A | C17: 13 | D17: =Names!$N$2 -> 0 | E17: =IF(LEFT(D17,2)="KC",IF(_xlfn.CEILING.MATH(C17/2)-2<1,"",_xlfn.CEILING.MATH(C17/2)-2),"") | F17: =IF(E17="",D17,_xlfn.CONCAT(D17,"_",E17)) -> 0 | G17: =Concentrations!$N$2 -> 0 | H17: % | I17: {=IF(MOD(COLUMN(INDIRECT(B17&1)),2)=1,IF(MOD(C17,2)=1,$F$1,$F$2),IF(MOD(C17,2)=1,$H$1,$H$2))} -> 0
A18: A14 | B18: A | C18: 14 | D18: =Names!$O$2 -> 0 | E18: =IF(LEFT(D18,2)="KC",IF(_xlfn.CEILING.MATH(C18/2)-2<1,"",_xlfn.CEILING.MATH(C18/2)-2),"") | F18: =IF(E18="",D18,_xlfn.CONCAT(D18,"_",E18)) -> 0 | G18: =Concentrations!$O$2 -> 0 | H18: % | I18: {=IF(MOD(COLUMN(INDIRECT(B18&1)),2)=1,IF(MOD(C18,2)=1,$F$1,$F$2),IF(MOD(C18,2)=1,$H$1,$H$2))} -> 0
A19: A15 | B19: A | C19: 15 | D19: =Names!$P$2 -> 0 | E19: =IF(LEFT(D19,2)="KC",IF(_xlfn.CEILING.MATH(C19/2)-2<1,"",_xlfn.CEILING.MATH(C19/2)-2),"") | F19: =IF(E19="",D19,_xlfn.CONCAT(D19,"_",E19)) -> 0 | G19: =Concentrations!$P$2 -> 0 | H19: % | I19: {=IF(MOD(COLUMN(INDIRECT(B19&1)),2)=1,IF(MOD(C19,2)=1,$F$1,$F$2),IF(MOD(C19,2)=1,$H$1,$H$2))} -> 0
A20: A16 | B20: A | C20: 16 | D20: =Names!$Q$2 -> 0 | E20: =IF(LEFT(D20,2)="KC",IF(_xlfn.CEILING.MATH(C20/2)-2<1,"",_xlfn.CEILING.MATH(C20/2)-2),"") | F20: =IF(E20="",D20,_xlfn.CONCAT(D20,"_",E20)) -> 0 | G20: =Concentrations!$Q$2 -> 0 | H20: % | I20: {=IF(MOD(COLUMN(INDIRECT(B20&1)),2)=1,IF(MOD(C20,2)=1,$F$1,$F$2),IF(MOD(C20,2)=1,$H$1,$H$2))} -> 0
A21: A17 | B21: A | C21: 17 | D21: =Names!$R$2 -> 0 | E21: =IF(LEFT(D21,2)="KC",IF(_xlfn.CEILING.MATH(C21/2)-2<1,"",_xlfn.CEILING.MATH(C21/2)-2),"") | F21: =IF(E21="",D21,_xlfn.CONCAT(D21,"_",E21)) -> 0 | G21: =Concentrations!$R$2 -> 0 | H21: % | I21: {=IF(MOD(COLUMN(INDIRECT(B21&1)),2)=1,IF(MOD(C21,2)=1,$F$1,$F$2),IF(MOD(C21,2)=1,$H$1,$H$2))} -> 0
A22: A18 | B22: A | C22: 18 | D22: =Names!$S$2 -> 0 | E22: =IF(LEFT(D22,2)="KC",IF(_xlfn.CEILING.MATH(C22/2)-2<1,"",_xlfn.CEILING.MATH(C22/2)-2),"") | F22: =IF(E22="",D22,_xlfn.CONCAT(D22,"_",E22)) -> 0 | G22: =Concentrations!$S$2 -> 0 | H22: % | I22: {=IF(MOD(COLUMN(INDIRECT(B22&1)),2)=1,IF(MOD(C22,2)=1,$F$1,$F$2),IF(MOD(C22,2)=1,$H$1,$H$2))} -> 0
A23: A19 | B23: A | C23: 19 | D23: =Names!$T$2 -> 0 | E23: =IF(LEFT(D23,2)="KC",IF(_xlfn.CEILING.MATH(C23/2)-2<1,"",_xlfn.CEILING.MATH(C23/2)-2),"") | F23: =IF(E23="",D23,_xlfn.CONCAT(D23,"_",E23)) -> 0 | G23: =Concentrations!$T$2 -> 0 | H23: % | I23: {=IF(MOD(COLUMN(INDIRECT(B23&1)),2)=1,IF(MOD(C23,2)=1,$F$1,$F$2),IF(MOD(C23,2)=1,$H$1,$H$2))} -> 0
A24: A20 | B24: A | C24: 20 | D24: =Names!$U$2 -> 0 | E24: =IF(LEFT(D24,2)="KC",IF(_xlfn.CEILING.MATH(C24/2)-2<1,"",_xlfn.CEILING.MATH(C24/2)-2),"") | F24: =IF(E24="",D24,_xlfn.CONCAT(D24,"_",E24)) -> 0 | G24: =Concentrations!$U$2 -> 0 | H24: % | I24: {=IF(MOD(COLUMN(INDIRECT(B24&1)),2)=1,IF(MOD(C24,2)=1,$F$1,$F$2),IF(MOD(C24,2)=1,$H$1,$H$2))} -> 0
A25: A21 | B25: A | C25: 21 | D25: =Names!$V$2 -> 0 | E25: =IF(LEFT(D25,2)="KC",IF(_xlfn.CEILING.MATH(C25/2)-2<1,"",_xlfn.CEILING.MATH(C25/2)-2),"") | F25: =IF(E25="",D25,_xlfn.CONCAT(D25,"_",E25)) -> 0 | G25: =Concentrations!$V$2 -> 0 | H25: % | I25: {=IF(MOD(COLUMN(INDIRECT(B25&1)),2)=1,IF(MOD(C25,2)=1,$F$1,$F$2),IF(MOD(C25,2)=1,$H$1,$H$2))} -> 0
A26: A22 | B26: A | C26: 22 | D26: =Names!$W$2 -> 0 | E26: =IF(LEFT(D26,2)="KC",IF(_xlfn.CEILING.MATH(C26/2)-2<1,"",_xlfn.CEILING.MATH(C26/2)-2),"") | F26: =IF(E26="",D26,_xlfn.CONCAT(D26,"_",E26)) -> 0 | G26: =Concentrations!$W$2 -> 0 | H26: % | I26: {=IF(MOD(COLUMN(INDIRECT(B26&1)),2)=1,IF(MOD(C26,2)=1,$F$1,$F$2),IF(MOD(C26,2)=1,$H$1,$H$2))} -> 0
A27: A23 | B27: A | C27: 23 | D27: =Names!$X$2 -> DMSO | E27: =IF(LEFT(D27,2)="KC",IF(_xlfn.CEILING.MATH(C27/2)-2<1,"",_xlfn.CEILING.MATH(C27/2)-2),"") | F27: =IF(E27="",D27,_xlfn.CONCAT(D27,"_",E27)) -> DMSO | G27: =Concentrations!$X$2 -> 0 | H27: % | I27: {=IF(MOD(COLUMN(INDIRECT(B27&1)),2)=1,IF(MOD(C27,2)=1,$F$1,$F$2),IF(MOD(C27,2)=1,$H$1,$H$2))} -> 0
A28: A24 | B28: A | C28: 24 | D28: =Names!$Y$2 -> DMSO | E28: =IF(LEFT(D28,2)="KC",IF(_xlfn.CEILING.MATH(C28/2)-2<1,"",_xlfn.CEILING.MATH(C28/2)-2),"") | F28: =IF(E28="",D28,_xlfn.CONCAT(D28,"_",E28)) -> DMSO | G28: =Concentrations!$Y$2 -> 0 | H28: % | I28: {=IF(MOD(COLUMN(INDIRECT(B28&1)),2)=1,IF(MOD(C28,2)=1,$F$1,$F$2),IF(MOD(C28,2)=1,$H$1,$H$2))} -> 0
A29: B01 | B29: B | C29: 01 | D29: =Names!$B$3 -> Emetine dihydrochloride | E29: =IF(LEFT(D29,2)="KC",IF(_xlfn.CEILING.MATH(C29/2)-2<1,"",_xlfn.CEILING.MATH(C29/2)-2),"") | F29: =IF(E29="",D29,_xlfn.CONCAT(D29,"_",E29)) -> Emetine dihydrochloride | G29: =Concentrations!$B$3 -> 5 | H29: µM | I29: {=IF(MOD(COLUMN(INDIRECT(B29&1)),2)=1,IF(MOD(C29,2)=1,$F$1,$F$2),IF(MOD(C29,2)=1,$H$1,$H$2))} -> 0
A30: B02 | B30: B | C30: 02 | D30: =Names!$C$3 -> Cyclohexamide | E30: =IF(LEFT(D30,2)="KC",IF(_xlfn.CEILING.MATH(C30/2)-2<1,"",_xlfn.CEILING.MATH(C30/2)-2),"") | F30: =IF(E30="",D30,_xlfn.CONCAT(D30,"_",E30)) -> Cyclohexamide | G30: =Concentrations!$C$3 -> 1 | H30: µM | I30: {=IF(MOD(COLUMN(INDIRECT(B30&1)),2)=1,IF(MOD(C30,2)=1,$F$1,$F$2),IF(MOD(C30,2)=1,$H$1,$H$2))} -> 0
A31: B03 | B31: B | C31: 03 | D31: =Names!$D$3 -> 0 | E31: =IF(LEFT(D31,2)="KC",IF(_xlfn.CEILING.MATH(C31/2)-2<1,"",_xlfn.CEILING.MATH(C31/2)-2),"") | F31: =IF(E31="",D31,_xlfn.CONCAT(D31,"_",E31)) -> 0 | G31: =Concentrations!$D$3 -> 0 | H31: µM | I31: {=IF(MOD(COLUMN(INDIRECT(B31&1)),2)=1,IF(MOD(C31,2)=1,$F$1,$F$2),IF(MOD(C31,2)=1,$H$1,$H$2))} -> 0
A32: B04 | B32: B | C32: 04 | D32: =Names!$E$3 -> 0 | E32: =IF(LEFT(D32,2)="KC",IF(_xlfn.CEILING.MATH(C32/2)-2<1,"",_xlfn.CEILING.MATH(C32/2)-2),"") | F32: =IF(E32="",D32,_xlfn.CONCAT(D32,"_",E32)) -> 0 | G32: =Concentrations!$E$3 -> 0 | H32: µM | I32: {=IF(MOD(COLUMN(INDIRECT(B32&1)),2)=1,IF(MOD(C32,2)=1,$F$1,$F$2),IF(MOD(C32,2)=1,$H$1,$H$2))} -> 0
A33: B05 | B33: B | C33: 05 | D33: =Names!$F$3 -> 0 | E33: =IF(LEFT(D33,2)="KC",IF(_xlfn.CEILING.MATH(C33/2)-2<1,"",_xlfn.CEILING.MATH(C33/2)-2),"") | F33: =IF(E33="",D33,_xlfn.CONCAT(D33,"_",E33)) -> 0 | G33: =Concentrations!$F$3 -> 0 | H33: % | I33: {=IF(MOD(COLUMN(INDIRECT(B33&1)),2)=1,IF(MOD(C33,2)=1,$F$1,$F$2),IF(MOD(C33,2)=1,$H$1,$H$2))} -> 0
A34: B06 | B34: B | C34: 06 | D34: =Names!$G$3 -> 0 | E34: =IF(LEFT(D34,2)="KC",IF(_xlfn.CEILING.MATH(C34/2)-2<1,"",_xlfn.CEILING.MATH(C34/2)-2),"") | F34: =IF(E34="",D34,_xlfn.CONCAT(D34,"_",E34)) -> 0 | G34: =Concentrations!$G$3 -> 0 | H34: % | I34: {=IF(MOD(COLUMN(INDIRECT(B34&1)),2)=1,IF(MOD(C34,2)=1,$F$1,$F$2),IF(MOD(C34,2)=1,$H$1,$H$2))} -> 0
A35: B07 | B35: B | C35: 07 | D35: =Names!$H$3 -> 0 | E35: =IF(LEFT(D35,2)="KC",IF(_xlfn.CEILING.MATH(C35/2)-2<1,"",_xlfn.CEILING.MATH(C35/2)-2),"") | F35: =IF(E35="",D35,_xlfn.CONCAT(D35,"_",E35)) -> 0 | G35: =Concentrations!$H$3 -> 0 | H35: % | I35: {=IF(MOD(COLUMN(INDIRECT(B35&1)),2)=1,IF(MOD(C35,2)=1,$F$1,$F$2),IF(MOD(C35,2)=1,$H$1,$H$2))} -> 0
A36: B08 | B36: B | C36: 08 | D36: =Names!$I$3 -> 0 | E36: =IF(LEFT(D36,2)="KC",IF(_xlfn.CEILING.MATH(C36/2)-2<1,"",_xlfn.CEILING.MATH(C36/2)-2),"") | F36: =IF(E36="",D36,_xlfn.CONCAT(D36,"_",E36)) -> 0 | G36: =Concentrations!$I$3 -> 0 | H36: % | I36: {=IF(MOD(COLUMN(INDIRECT(B36&1)),2)=1,IF(MOD(C36,2)=1,$F$1,$F$2),IF(MOD(C36,2)=1,$H$1,$H$2))} -> 0
A37: B09 | B37: B | C37: 09 | D37: =Names!$J$3 -> 0 | E37: =IF(LEFT(D37,2)="KC",IF(_xlfn.CEILING.MATH(C37/2)-2<1,"",_xlfn.CEILING.MATH(C37/2)-2),"") | F37: =IF(E37="",D37,_xlfn.CONCAT(D37,"_",E37)) -> 0 | G37: =Concentrations!$J$3 -> 0 | H37: % | I37: {=IF(MOD(COLUMN(INDIRECT(B37&1)),2)=1,IF(MOD(C37,2)=1,$F$1,$F$2),IF(MOD(C37,2)=1,$H$1,$H$2))} -> 0
A38: B10 | B38: B | C38: 10 | D38: =Names!$K$3 -> 0 | E38: =IF(LEFT(D38,2)="KC",IF(_xlfn.CEILING.MATH(C38/2)-2<1,"",_xlfn.CEILING.MATH(C38/2)-2),"") | F38: =IF(E38="",D38,_xlfn.CONCAT(D38,"_",E38)) -> 0 | G38: =Concentrations!$K$3 -> 0 | H38: % | I38: {=IF(MOD(COLUMN(INDIRECT(B38&1)),2)=1,IF(MOD(C38,2)=1,$F$1,$F$2),IF(MOD(C38,2)=1,$H$1,$H$2))} -> 0
A39: B11 | B39: B | C39: 11 | D39: =Names!$L$3 -> 0 | E39: =IF(LEFT(D39,2)="KC",IF(_xlfn.CEILING.MATH(C39/2)-2<1,"",_xlfn.CEILING.MATH(C39/2)-2),"") | F39: =IF(E39="",D39,_xlfn.CONCAT(D39,"_",E39)) -> 0 | G39: =Concentrations!$L$3 -> 0 | H39: % | I39: {=IF(MOD(COLUMN(INDIRECT(B39&1)),2)=1,IF(MOD(C39,2)=1,$F$1,$F$2),IF(MOD(C39,2)=1,$H$1,$H$2))} -> 0
A40: B12 | B40: B | C40: 12 | D40: =Names!$M$3 -> 0 | E40: =IF(LEFT(D40,2)="KC",IF(_xlfn.CEILING.MATH(C40/2)-2<1,"",_xlfn.CEILING.MATH(C40/2)-2),"") | F40: =IF(E40="",D40,_xlfn.CONCAT(D40,"_",E40)) -> 0 | G40: =Concentrations!$M$3 -> 0 | H40: % | I40: {=IF(MOD(COLUMN(INDIRECT(B40&1)),2)=1,IF(MOD(C40,2)=1,$F$1,$F$2),IF(MOD(C40,2)=1,$H$1,$H$2))} -> 0
A41: B13 | B41: B | C41: 13 | D41: =Names!$N$3 -> 0 | E41: =IF(LEFT(D41,2)="KC",IF(_xlfn.CEILING.MATH(C41/2)-2<1,"",_xlfn.CEILING.MATH(C41/2)-2),"") | F41: =IF(E41="",D41,_xlfn.CONCAT(D41,"_",E41)) -> 0 | G41: =Concentrations!$N$3 -> 0 | H41: % | I41: {=IF(MOD(COLUMN(INDIRECT(B41&1)),2)=1,IF(MOD(C41,2)=1,$F$1,$F$2),IF(MOD(C41,2)=1,$H$1,$H$2))} -> 0
A42: B14 | B42: B | C42: 14 | D42: =Names!$O$3 -> 0 | E42: =IF(LEFT(D42,2)="KC",IF(_xlfn.CEILING.MATH(C42/2)-2<1,"",_xlfn.CEILING.MATH(C42/2)-2),"") | F42: =IF(E42="",D42,_xlfn.CONCAT(D42,"_",E42)) -> 0 | G42: =Concentrations!$O$3 -> 0 | H42: % | I42: {=IF(MOD(COLUMN(INDIRECT(B42&1)),2)=1,IF(MOD(C42,2)=1,$F$1,$F$2),IF(MOD(C42,2)=1,$H$1,$H$2))} -> 0
A43: B15 | B43: B | C43: 15 | D43: =Names!$P$3 -> 0 | E43: =IF(LEFT(D43,2)="KC",IF(_xlfn.CEILING.MATH(C43/2)-2<1,"",_xlfn.CEILING.MATH(C43/2)-2),"") | F43: =IF(E43="",D43,_xlfn.CONCAT(D43,"_",E43)) -> 0 | G43: =Concentrations!$P$3 -> 0 | H43: % | I43: {=IF(MOD(COLUMN(INDIRECT(B43&1)),2)=1,IF(MOD(C43,2)=1,$F$1,$F$2),IF(MOD(C43,2)=1,$H$1,$H$2))} -> 0
A44: B16 | B44: B | C44: 16 | D44: =Names!$Q$3 -> 0 | E44: =IF(LEFT(D44,2)="KC",IF(_xlfn.CEILING.MATH(C44/2)-2<1,"",_xlfn.CEILING.MATH(C44/2)-2),"") | F44: =IF(E44="",D44,_xlfn.CONCAT(D44,"_",E44)) -> 0 | G44: =Concentrations!$Q$3 -> 0 | H44: % | I44: {=IF(MOD(COLUMN(INDIRECT(B44&1)),2)=1,IF(MOD(C44,2)=1,$F$1,$F$2),IF(MOD(C44,2)=1,$H$1,$H$2))} -> 0
A45: B17 | B45: B | C45: 17 | D45: =Names!$R$3 -> 0 | E45: =IF(LEFT(D45,2)="KC",IF(_xlfn.CEILING.MATH(C45/2)-2<1,"",_xlfn.CEILING.MATH(C45/2)-2),"") | F45: =IF(E45="",D45,_xlfn.CONCAT(D45,"_",E45)) -> 0 | G45: =Concentrations!$R$3 -> 0 | H45: % | I45: {=IF(MOD(COLUMN(INDIRECT(B45&1)),2)=1,IF(MOD(C45,2)=1,$F$1,$F$2),IF(MOD(C45,2)=1,$H$1,$H$2))} -> 0
A46: B18 | B46: B | C46: 18 | D46: =Names!$S$3 -> 0 | E46: =IF(LEFT(D46,2)="KC",IF(_xlfn.CEILING.MATH(C46/2)-2<1,"",_xlfn.CEILING.MATH(C46/2)-2),"") | F46: =IF(E46="",D46,_xlfn.CONCAT(D46,"_",E46)) -> 0 | G46: =Concentrations!$S$3 -> 0 | H46: % | I46: {=IF(MOD(COLUMN(INDIRECT(B46&1)),2)=1,IF(MOD(C46,2)=1,$F$1,$F$2),IF(MOD(C46,2)=1,$H$1,$H$2))} -> 0
A47: B19 | B47: B | C47: 19 | D47: =Names!$T$3 -> 0 | E47: =IF(LEFT(D47,2)="KC",IF(_xlfn.CEILING.MATH(C47/2)-2<1,"",_xlfn.CEILING.MATH(C47/2)-2),"") | F47: =IF(E47="",D47,_xlfn.CONCAT(D47,"_",E47)) -> 0 | G47: =Concentrations!$T$3 -> 0 | H47: % | I47: {=IF(MOD(COLUMN(INDIRECT(B47&1)),2)=1,IF(MOD(C47,2)=1,$F$1,$F$2),IF(MOD(C47,2)=1,$H$1,$H$2))} -> 0
A48: B20 | B48: B | C48: 20 | D48: =Names!$U$3 -> 0 | E48: =IF(LEFT(D48,2)="KC",IF(_xlfn.CEILING.MATH(C48/2)-2<1,"",_xlfn.CEILING.MATH(C48/2)-2),"") | F48: =IF(E48="",D48,_xlfn.CONCAT(D48,"_",E48)) -> 0 | G48: =Concentrations!$U$3 -> 0 | H48: % | I48: {=IF(MOD(COLUMN(INDIRECT(B48&1)),2)=1,IF(MOD(C48,2)=1,$F$1,$F$2),IF(MOD(C48,2)=1,$H$1,$H$2))} -> 0
A49: B21 | B49: B | C49: 21 | D49: =Names!$V$3 -> 0 | E49: =IF(LEFT(D49,2)="KC",IF(_xlfn.CEILING.MATH(C49/2)-2<1,"",_xlfn.CEILING.MATH(C49/2)-2),"") | F49: =IF(E49="",D49,_xlfn.CONCAT(D49,"_",E49)) -> 0 | G49: =Concentrations!$V$3 -> 0 | H49: % | I49: {=IF(MOD(COLUMN(INDIRECT(B49&1)),2)=1,IF(MOD(C49,2)=1,$F$1,$F$2),IF(MOD(C49,2)=1,$H$1,$H$2))} -> 0
A50: B22 | B50: B | C50: 22 | D50: =Names!$W$3 -> 0 | E50: =IF(LEFT(D50,2)="KC",IF(_xlfn.CEILING.MATH(C50/2)-2<1,"",_xlfn.CEILING.MATH(C50/2)-2),"") | F50: =IF(E50="",D50,_xlfn.CONCAT(D50,"_",E50)) -> 0 | G50: =Concentrations!$W$3 -> 0 | H50: % | I50: {=IF(MOD(COLUMN(INDIRECT(B50&1)),2)=1,IF(MOD(C50,2)=1,$F$1,$F$2),IF(MOD(C50,2)=1,$H$1,$H$2))} -> 0
A51: B23 | B51: B | C51: 23 | D51: =Names!$X$3 -> DMSO | E51: =IF(LEFT(D51,2)="KC",IF(_xlfn.CEILING.MATH(C51/2)-2<1,"",_xlfn.CEILING.MATH(C51/2)-2),"") | F51: =IF(E51="",D51,_xlfn.CONCAT(D51,"_",E51)) -> DMSO | G51: =Concentrations!$X$3 -> 0 | H51: % | I51: {=IF(MOD(COLUMN(INDIRECT(B51&1)),2)=1,IF(MOD(C51,2)=1,$F$1,$F$2),IF(MOD(C51,2)=1,$H$1,$H$2))} -> 0
A52: B24 | B52: B | C52: 24 | D52: =Names!$Y$3 -> DMSO | E52: =IF(LEFT(D52,2)="KC",IF(_xlfn.CEILING.MATH(C52/2)-2<1,"",_xlfn.CEILING.MATH(C52/2)-2),"") | F52: =IF(E52="",D52,_xlfn.CONCAT(D52,"_",E52)) -> DMSO | G52: =Concentrations!$Y$3 -> 0 | H52: % | I52: {=IF(MOD(COLUMN(INDIRECT(B52&1)),2)=1,IF(MOD(C52,2)=1,$F$1,$F$2),IF(MOD(C52,2)=1,$H$1,$H$2))} -> 0
A53: C01 | B53: C | C53: 01 | D53: =Names!$B$4 -> DMSO | E53: =IF(LEFT(D53,2)="KC",IF(_xlfn.CEILING.MATH(C53/2)-2<1,"",_xlfn.CEILING.MATH(C53/2)-2),"") | F53: =IF(E53="",D53,_xlfn.CONCAT(D53,"_",E53)) -> DMSO | G53: =Concentrations!$B$4 -> 0 | H53: % | I53: {=IF(MOD(COLUMN(INDIRECT(B53&1)),2)=1,IF(MOD(C53,2)=1,$F$1,$F$2),IF(MOD(C53,2)=1,$H$1,$H$2))} -> 0
A54: C02 | B54: C | C54: 02 | D54: =Names!$C$4 -> DMSO | E54: =IF(LEFT(D54,2)="KC",IF(_xlfn.CEILING.MATH(C54/2)-2<1,"",_xlfn.CEILING.MATH(C54/2)-2),"") | F54: =IF(E54="",D54,_xlfn.CONCAT(D54,"_",E54)) -> DMSO | G54: =Concentrations!$C$4 -> 0 | H54: % | I54: {=IF(MOD(COLUMN(INDIRECT(B54&1)),2)=1,IF(MOD(C54,2)=1,$F$1,$F$2),IF(MOD(C54,2)=1,$H$1,$H$2))} -> 0
A55: C03 | B55: C | C55: 03 | D55: =Names!$D$4 -> 0 | E55: =IF(LEFT(D55,2)="KC",IF(_xlfn.CEILING.MATH(C55/2)-2<1,"",_xlfn.CEILING.MATH(C55/2)-2),"") | F55: =IF(E55="",D55,_xlfn.CONCAT(D55,"_",E55)) -> 0 | G55: =Concentrations!$D$4 -> 0 | H55: % | I55: {=IF(MOD(COLUMN(INDIRECT(B55&1)),2)=1,IF(MOD(C55,2)=1,$F$1,$F$2),IF(MOD(C55,2)=1,$H$1,$H$2))} -> 0
A56: C04 | B56: C | C56: 04 | D56: =Names!$E$4 -> 0 | E56: =IF(LEFT(D56,2)="KC",IF(_xlfn.CEILING.MATH(C56/2)-2<1,"",_xlfn.CEILING.MATH(C56/2)-2),"") | F56: =IF(E56="",D56,_xlfn.CONCAT(D56,"_",E56)) -> 0 | G56: =Concentrations!$E$4 -> 0 | H56: % | I56: {=IF(MOD(COLUMN(INDIRECT(B56&1)),2)=1,IF(MOD(C56,2)=1,$F$1,$F$2),IF(MOD(C56,2)=1,$H$1,$H$2))} -> 0
A57: C05 | B57: C | C57: 05 | D57: =Names!$F$4 -> 0 | E57: =IF(LEFT(D57,2)="KC",IF(_xlfn.CEILING.MATH(C57/2)-2<1,"",_xlfn.CEILING.MATH(C57/2)-2),"") | F57: =IF(E57="",D57,_xlfn.CONCAT(D57,"_",E57)) -> 0 | G57: =Concentrations!$F$4 -> 0 | H57: % | I57: {=IF(MOD(COLUMN(INDIRECT(B57&1)),2)=1,IF(MOD(C57,2)=1,$F$1,$F$2),IF(MOD(C57,2)=1,$H$1,$H$2))} -> 0
A58: C06 | B58: C | C58: 06 | D58: =Names!$G$4 -> 0 | E58: =IF(LEFT(D58,2)="KC",IF(_xlfn.CEILING.MATH(C58/2)-2<1,"",_xlfn.CEILING.MATH(C58/2)-2),"") | F58: =IF(E58="",D58,_xlfn.CONCAT(D58,"_",E58)) -> 0 | G58: =Concentrations!$G$4 -> 0 | H58: % | I58: {=IF(MOD(COLUMN(INDIRECT(B58&1)),2)=1,IF(MOD(C58,2)=1,$F$1,$F$2),IF(MOD(C58,2)=1,$H$1,$H$2))} -> 0
A59: C07 | B59: C | C59: 07 | D59: =Names!$H$4 -> 0 | E59: =IF(LEFT(D59,2)="KC",IF(_xlfn.CEILING.MATH(C59/2)-2<1,"",_xlfn.CEILING.MATH(C59/2)-2),"") | F59: =IF(E59="",D59,_xlfn.CONCAT(D59,"_",E59)) -> 0 | G59: =Concentrations!$H$4 -> 0 | H59: % | I59: {=IF(MOD(COLUMN(INDIRECT(B59&1)),2)=1,IF(MOD(C59,2)=1,$F$1,$F$2),IF(MOD(C59,2)=1,$H$1,$H$2))} -> 0
A60: C08 | B60: C | C60: 08 | D60: =Names!$I$4 -> 0 | E60: =IF(LEFT(D60,2)="KC",IF(_xlfn.CEILING.MATH(C60/2)-2<1,"",_xlfn.CEILING.MATH(C60/2)-2),"") | F60: =IF(E60="",D60,_xlfn.CONCAT(D60,"_",E60)) -> 0 | G60: =Concentrations!$I$4 -> 0 | H60: % | I60: {=IF(MOD(COLUMN(INDIRECT(B60&1)),2)=1,IF(MOD(C60,2)=1,$F$1,$F$2),IF(MOD(C60,2)=1,$H$1,$H$2))} -> 0
A61: C09 | B61: C | C61: 09 | D61: =Names!$J$4 -> 0 | E61: =IF(LEFT(D61,2)="KC",IF(_xlfn.CEILING.MATH(C61/2)-2<1,"",_xlfn.CEILING.MATH(C61/2)-2),"") | F61: =IF(E61="",D61,_xlfn.CONCAT(D61,"_",E61)) -> 0 | G61: =Concentrations!$J$4 -> 0 | H61: % | I61: {=IF(MOD(COLUMN(INDIRECT(B61&1)),2)=1,IF(MOD(C61,2)=1,$F$1,$F$2),IF(MOD(C61,2)=1,$H$1,$H$2))} -> 0
A62: C10 | B62: C | C62: 10 | D62: =Names!$K$4 -> 0 | E62: =IF(LEFT(D62,2)="KC",IF(_xlfn.CEILING.MATH(C62/2)-2<1,"",_xlfn.CEILING.MATH(C62/2)-2),"") | F62: =IF(E62="",D62,_xlfn.CONCAT(D62,"_",E62)) -> 0 | G62: =Concentrations!$K$4 -> 0 | H62: % | I62: {=IF(MOD(COLUMN(INDIRECT(B62&1)),2)=1,IF(MOD(C62,2)=1,$F$1,$F$2),IF(MOD(C62,2)=1,$H$1,$H$2))} -> 0
A63: C11 | B63: C | C63: 11 | D63: =Names!$L$4 -> 0 | E63: =IF(LEFT(D63,2)="KC",IF(_xlfn.CEILING.MATH(C63/2)-2<1,"",_xlfn.CEILING.MATH(C63/2)-2),"") | F63: =IF(E63="",D63,_xlfn.CONCAT(D63,"_",E63)) -> 0 | G63: =Concentrations!$L$4 -> 0 | H63: % | I63: {=IF(MOD(COLUMN(INDIRECT(B63&1)),2)=1,IF(MOD(C63,2)=1,$F$1,$F$2),IF(MOD(C63,2)=1,$H$1,$H$2))} -> 0
A64: C12 | B64: C | C64: 12 | D64: =Names!$M$4 -> 0 | E64: =IF(LEFT(D64,2)="KC",IF(_xlfn.CEILING.MATH(C64/2)-2<1,"",_xlfn.CEILING.MATH(C64/2)-2),"") | F64: =IF(E64="",D64,_xlfn.CONCAT(D64,"_",E64)) -> 0 | G64: =Concentrations!$M$4 -> 0 | H64: % | I64: {=IF(MOD(COLUMN(INDIRECT(B64&1)),2)=1,IF(MOD(C64,2)=1,$F$1,$F$2),IF(MOD(C64,2)=1,$H$1,$H$2))} -> 0
A65: C13 | B65: C | C65: 13 | D65: =Names!$N$4 -> 0 | E65: =IF(LEFT(D65,2)="KC",IF(_xlfn.CEILING.MATH(C65/2)-2<1,"",_xlfn.CEILING.MATH(C65/2)-2),"") | F65: =IF(E65="",D65,_xlfn.CONCAT(D65,"_",E65)) -> 0 | G65: =Concentrations!$N$4 -> 0 | H65: % | I65: {=IF(MOD(COLUMN(INDIRECT(B65&1)),2)=1,IF(MOD(C65,2)=1,$F$1,$F$2),IF(MOD(C65,2)=1,$H$1,$H$2))} -> 0
A66: C14 | B66: C | C66: 14 | D66: =Names!$O$4 -> 0 | E66: =IF(LEFT(D66,2)="KC",IF(_xlfn.CEILING.MATH(C66/2)-2<1,"",_xlfn.CEILING.MATH(C66/2)-2),"") | F66: =IF(E66="",D66,_xlfn.CONCAT(D66,"_",E66)) -> 0 | G66: =Concentrations!$O$4 -> 0 | H66: % | I66: {=IF(MOD(COLUMN(INDIRECT(B66&1)),2)=1,IF(MOD(C66,2)=1,$F$1,$F$2),IF(MOD(C66,2)=1,$H$1,$H$2))} -> 0
A67: C15 | B67: C | C67: 15 | D67: =Names!$P$4 -> 0 | E67: =IF(LEFT(D67,2)="KC",IF(_xlfn.CEILING.MATH(C67/2)-2<1,"",_xlfn.CEILING.MATH(C67/2)-2),"") | F67: =IF(E67="",D67,_xlfn.CONCAT(D67,"_",E67)) -> 0 | G67: =Concentrations!$P$4 -> 0 | H67: % | I67: {=IF(MOD(COLUMN(INDIRECT(B67&1)),2)=1,IF(MOD(C67,2)=1,$F$1,$F$2),IF(MOD(C67,2)=1,$H$1,$H$2))} -> 0
A68: C16 | B68: C | C68: 16 | D68: =Names!$Q$4 -> 0 | E68: =IF(LEFT(D68,2)="KC",IF(_xlfn.CEILING.MATH(C68/2)-2<1,"",_xlfn.CEILING.MATH(C68/2)-2),"") | F68: =IF(E68="",D68,_xlfn.CONCAT(D68,"_",E68)) -> 0 | G68: =Concentrations!$Q$4 -> 0 | H68: % | I68: {=IF(MOD(COLUMN(INDIRECT(B68&1)),2)=1,IF(MOD(C68,2)=1,$F$1,$F$2),IF(MOD(C68,2)=1,$H$1,$H$2))} -> 0
A69: C17 | B69: C | C69: 17 | D69: =Names!$R$4 -> 0 | E69: =IF(LEFT(D69,2)="KC",IF(_xlfn.CEILING.MATH(C69/2)-2<1,"",_xlfn.CEILING.MATH(C69/2)-2),"") | F69: =IF(E69="",D69,_xlfn.CONCAT(D69,"_",E69)) -> 0 | G69: =Concentrations!$R$4 -> 0 | H69: % | I69: {=IF(MOD(COLUMN(INDIRECT(B69&1)),2)=1,IF(MOD(C69,2)=1,$F$1,$F$2),IF(MOD(C69,2)=1,$H$1,$H$2))} -> 0
A70: C18 | B70: C | C70: 18 | D70: =Names!$S$4 -> 0 | E70: =IF(LEFT(D70,2)="KC",IF(_xlfn.CEILING.MATH(C70/2)-2<1,"",_xlfn.CEILING.MATH(C70/2)-2),"") | F70: =IF(E70="",D70,_xlfn.CONCAT(D70,"_",E70)) -> 0 | G70: =Concentrations!$S$4 -> 0 | H70: % | I70: {=IF(MOD(COLUMN(INDIRECT(B70&1)),2)=1,IF(MOD(C70,2)=1,$F$1,$F$2),IF(MOD(C70,2)=1,$H$1,$H$2))} -> 0
A71: C19 | B71: C | C71: 19 | D71: =Names!$T$4 -> 0 | E71: =IF(LEFT(D71,2)="KC",IF(_xlfn.CEILING.MATH(C71/2)-2<1,"",_xlfn.CEILING.MATH(C71/2)-2),"") | F71: =IF(E71="",D71,_xlfn.CONCAT(D71,"_",E71)) -> 0 | G71: =Concentrations!$T$4 -> 0 | H71: % | I71: {=IF(MOD(COLUMN(INDIRECT(B71&1)),2)=1,IF(MOD(C71,2)=1,$F$1,$F$2),IF(MOD(C71,2)=1,$H$1,$H$2))} -> 0
A72: C20 | B72: C | C72: 20 | D72: =Names!$U$4 -> 0 | E72: =IF(LEFT(D72,2)="KC",IF(_xlfn.CEILING.MATH(C72/2)-2<1,"",_xlfn.CEILING.MATH(C72/2)-2),"") | F72: =IF(E72="",D72,_xlfn.CONCAT(D72,"_",E72)) -> 0 | G72: =Concentrations!$U$4 -> 0 | H72: % | I72: {=IF(MOD(COLUMN(INDIRECT(B72&1)),2)=1,IF(MOD(C72,2)=1,$F$1,$F$2),IF(MOD(C72,2)=1,$H$1,$H$2))} -> 0
A73: C21 | B73: C | C73: 21 | D73: =Names!$V$4 -> 0 | E73: =IF(LEFT(D73,2)="KC",IF(_xlfn.CEILING.MATH(C73/2)-2<1,"",_xlfn.CEILING.MATH(C73/2)-2),"") | F73: =IF(E73="",D73,_xlfn.CONCAT(D73,"_",E73)) -> 0 | G73: =Concentrations!$V$4 -> 0 | H73: % | I73: {=IF(MOD(COLUMN(INDIRECT(B73&1)),2)=1,IF(MOD(C73,2)=1,$F$1,$F$2),IF(MOD(C73,2)=1,$H$1,$H$2))} -> 0
A74: C22 | B74: C | C74: 22 | D74: =Names!$W$4 -> 0 | E74: =IF(LEFT(D74,2)="KC",IF(_xlfn.CEILING.MATH(C74/2)-2<1,"",_xlfn.CEILING.MATH(C74/2)-2),"") | F74: =IF(E74="",D74,_xlfn.CONCAT(D74,"_",E74)) -> 0 | G74: =Concentrations!$W$4 -> 0 | H74: % | I74: {=IF(MOD(COLUMN(INDIRECT(B74&1)),2)=1,IF(MOD(C74,2)=1,$F$1,$F$2),IF(MOD(C74,2)=1,$H$1,$H$2))} -> 0
A75: C23 | B75: C | C75: 23 | D75: =Names!$X$4 -> DMSO | E75: =IF(LEFT(D75,2)="KC",IF(_xlfn.CEILING.MATH(C75/2)-2<1,"",_xlfn.CEILING.MATH(C75/2)-2),"") | F75: =IF(E75="",D75,_xlfn.CONCAT(D75,"_",E75)) -> DMSO | G75: =Concentrations!$X$4 -> 0 | H75: % | I75: {=IF(MOD(COLUMN(INDIRECT(B75&1)),2)=1,IF(MOD(C75,2)=1,$F$1,$F$2),IF(MOD(C75,2)=1,$H$1,$H$2))} -> 0
A76: C24 | B76: C | C76: 24 | D76: =Names!$Y$4 -> DMSO | E76: =IF(LEFT(D76,2)="KC",IF(_xlfn.CEILING.MATH(C76/2)-2<1,"",_xlfn.CEILING.MATH(C76/2)-2),"") | F76: =IF(E76="",D76,_xlfn.CONCAT(D76,"_",E76)) -> DMSO | G76: =Concentrations!$Y$4 -> 0 | H76: % | I76: {=IF(MOD(COLUMN(INDIRECT(B76&1)),2)=1,IF(MOD(C76,2)=1,$F$1,$F$2),IF(MOD(C76,2)=1,$H$1,$H$2))} -> 0
A77: D01 | B77: D | C77: 01 | D77: =Names!$B$5 -> Repaglinide | E77: =IF(LEFT(D77,2)="KC",IF(_xlfn.CEILING.MATH(C77/2)-2<1,"",_xlfn.CEILING.MATH(C77/2)-2),"") | F77: =IF(E77="",D77,_xlfn.CONCAT(D77,"_",E77)) -> Repaglinide | G77: =Concentrations!$B$5 -> 5 | H77: µM | I77: {=IF(MOD(COLUMN(INDIRECT(B77&1)),2)=1,IF(MOD(C77,2)=1,$F$1,$F$2),IF(MOD(C77,2)=1,$H$1,$H$2))} -> 0
A78: D02 | B78: D | C78: 02 | D78: =Names!$C$5 -> Parbendazol | E78: =IF(LEFT(D78,2)="KC",IF(_xlfn.CEILING.MATH(C78/2)-2<1,"",_xlfn.CEILING.MATH(C78/2)-2),"") | F78: =IF(E78="",D78,_xlfn.CONCAT(D78,"_",E78)) -> Parbendazol | G78: =Concentrations!$C$5 -> 1 | H78: µM | I78: {=IF(MOD(COLUMN(INDIRECT(B78&1)),2)=1,IF(MOD(C78,2)=1,$F$1,$F$2),IF(MOD(C78,2)=1,$H$1,$H$2))} -> 0
A79: D03 | B79: D | C79: 03 | D79: =Names!$D$5 -> 0 | E79: =IF(LEFT(D79,2)="KC",IF(_xlfn.CEILING.MATH(C79/2)-2<1,"",_xlfn.CEILING.MATH(C79/2)-2),"") | F79: =IF(E79="",D79,_xlfn.CONCAT(D79,"_",E79)) -> 0 | G79: =Concentrations!$D$5 -> 0 | H79: =IF(LEFT(D79,2)="KC","%","µM") -> µM | I79: {=IF(MOD(COLUMN(INDIRECT(B79&1)),2)=1,IF(MOD(C79,2)=1,$F$1,$F$2),IF(MOD(C79,2)=1,$H$1,$H$2))} -> 0
A80: D04 | B80: D | C80: 04 | D80: =Names!$E$5 -> 0 | E80: =IF(LEFT(D80,2)="KC",IF(_xlfn.CEILING.MATH(C80/2)-2<1,"",_xlfn.CEILING.MATH(C80/2)-2),"") | F80: =IF(E80="",D80,_xlfn.CONCAT(D80,"_",E80)) -> 0 | G80: =Concentrations!$E$5 -> 0 | H80: =IF(LEFT(D80,2)="KC","%","µM") -> µM | I80: {=IF(MOD(COLUMN(INDIRECT(B80&1)),2)=1,IF(MOD(C80,2)=1,$F$1,$F$2),IF(MOD(C80,2)=1,$H$1,$H$2))} -> 0
A81: D05 | B81: D | C81: 05 | D81: =Names!$F$5 -> 0 | E81: =IF(LEFT(D81,2)="KC",IF(_xlfn.CEILING.MATH(C81/2)-2<1,"",_xlfn.CEILING.MATH(C81/2)-2),"") | F81: =IF(E81="",D81,_xlfn.CONCAT(D81,"_",E81)) -> 0 | G81: =Concentrations!$F$5 -> 0 | H81: =IF(LEFT(D81,2)="KC","%","µM") -> µM | I81: {=IF(MOD(COLUMN(INDIRECT(B81&1)),2)=1,IF(MOD(C81,2)=1,$F$1,$F$2),IF(MOD(C81,2)=1,$H$1,$H$2))} -> 0
A82: D06 | B82: D | C82: 06 | D82: =Names!$G$5 -> 0 | E82: =IF(LEFT(D82,2)="KC",IF(_xlfn.CEILING.MATH(C82/2)-2<1,"",_xlfn.CEILING.MATH(C82/2)-2),"") | F82: =IF(E82="",D82,_xlfn.CONCAT(D82,"_",E82)) -> 0 | G82: =Concentrations!$G$5 -> 0 | H82: =IF(LEFT(D82,2)="KC","%","µM") -> µM | I82: {=IF(MOD(COLUMN(INDIRECT(B82&1)),2)=1,IF(MOD(C82,2)=1,$F$1,$F$2),IF(MOD(C82,2)=1,$H$1,$H$2))} -> 0
A83: D07 | B83: D | C83: 07 | D83: =Names!$H$5 -> 0 | E83: =IF(LEFT(D83,2)="KC",IF(_xlfn.CEILING.MATH(C83/2)-2<1,"",_xlfn.CEILING.MATH(C83/2)-2),"") | F83: =IF(E83="",D83,_xlfn.CONCAT(D83,"_",E83)) -> 0 | G83: =Concentrations!$H$5 -> 0 | H83: =IF(LEFT(D83,2)="KC","%","µM") -> µM | I83: {=IF(MOD(COLUMN(INDIRECT(B83&1)),2)=1,IF(MOD(C83,2)=1,$F$1,$F$2),IF(MOD(C83,2)=1,$H$1,$H$2))} -> 0
A84: D08 | B84: D | C84: 08 | D84: =Names!$I$5 -> 0 | E84: =IF(LEFT(D84,2)="KC",IF(_xlfn.CEILING.MATH(C84/2)-2<1,"",_xlfn.CEILING.MATH(C84/2)-2),"") | F84: =IF(E84="",D84,_xlfn.CONCAT(D84,"_",E84)) -> 0 | G84: =Concentrations!$I$5 -> 0 | H84: =IF(LEFT(D84,2)="KC","%","µM") -> µM | I84: {=IF(MOD(COLUMN(INDIRECT(B84&1)),2)=1,IF(MOD(C84,2)=1,$F$1,$F$2),IF(MOD(C84,2)=1,$H$1,$H$2))} -> 0
A85: D09 | B85: D | C85: 09 | D85: =Names!$J$5 -> 0 | E85: =IF(LEFT(D85,2)="KC",IF(_xlfn.CEILING.MATH(C85/2)-2<1,"",_xlfn.CEILING.MATH(C85/2)-2),"") | F85: =IF(E85="",D85,_xlfn.CONCAT(D85,"_",E85)) -> 0 | G85: =Concentrations!$J$5 -> 0 | H85: =IF(LEFT(D85,2)="KC","%","µM") -> µM | I85: {=IF(MOD(COLUMN(INDIRECT(B85&1)),2)=1,IF(MOD(C85,2)=1,$F$1,$F$2),IF(MOD(C85,2)=1,$H$1,$H$2))} -> 0
A86: D10 | B86: D | C86: 10 | D86: =Names!$K$5 -> 0 | E86: =IF(LEFT(D86,2)="KC",IF(_xlfn.CEILING.MATH(C86/2)-2<1,"",_xlfn.CEILING.MATH(C86/2)-2),"") | F86: =IF(E86="",D86,_xlfn.CONCAT(D86,"_",E86)) -> 0 | G86: =Concentrations!$K$5 -> 0 | H86: =IF(LEFT(D86,2)="KC","%","µM") -> µM | I86: {=IF(MOD(COLUMN(INDIRECT(B86&1)),2)=1,IF(MOD(C86,2)=1,$F$1,$F$2),IF(MOD(C86,2)=1,$H$1,$H$2))} -> 0
A87: D11 | B87: D | C87: 11 | D87: =Names!$L$5 -> 0 | E87: =IF(LEFT(D87,2)="KC",IF(_xlfn.CEILING.MATH(C87/2)-2<1,"",_xlfn.CEILING.MATH(C87/2)-2),"") | F87: =IF(E87="",D87,_xlfn.CONCAT(D87,"_",E87)) -> 0 | G87: =Concentrations!$L$5 -> 0 | H87: =IF(LEFT(D87,2)="KC","%","µM") -> µM | I87: {=IF(MOD(COLUMN(INDIRECT(B87&1)),2)=1,IF(MOD(C87,2)=1,$F$1,$F$2),IF(MOD(C87,2)=1,$H$1,$H$2))} -> 0
A88: D12 | B88: D | C88: 12 | D88: =Names!$M$5 -> 0 | E88: =IF(LEFT(D88,2)="KC",IF(_xlfn.CEILING.MATH(C88/2)-2<1,"",_xlfn.CEILING.MATH(C88/2)-2),"") | F88: =IF(E88="",D88,_xlfn.CONCAT(D88,"_",E88)) -> 0 | G88: =Concentrations!$M$5 -> 0 | H88: =IF(LEFT(D88,2)="KC","%","µM") -> µM | I88: {=IF(MOD(COLUMN(INDIRECT(B88&1)),2)=1,IF(MOD(C88,2)=1,$F$1,$F$2),IF(MOD(C88,2)=1,$H$1,$H$2))} -> 0
A89: D13 | B89: D | C89: 13 | D89: =Names!$N$5 -> 0 | E89: =IF(LEFT(D89,2)="KC",IF(_xlfn.CEILING.MATH(C89/2)-2<1,"",_xlfn.CEILING.MATH(C89/2)-2),"") | F89: =IF(E89="",D89,_xlfn.CONCAT(D89,"_",E89)) -> 0 | G89: =Concentrations!$N$5 -> 0 | H89: =IF(LEFT(D89,2)="KC","%","µM") -> µM | I89: {=IF(MOD(COLUMN(INDIRECT(B89&1)),2)=1,IF(MOD(C89,2)=1,$F$1,$F$2),IF(MOD(C89,2)=1,$H$1,$H$2))} -> 0
A90: D14 | B90: D | C90: 14 | D90: =Names!$O$5 -> 0 | E90: =IF(LEFT(D90,2)="KC",IF(_xlfn.CEILING.MATH(C90/2)-2<1,"",_xlfn.CEILING.MATH(C90/2)-2),"") | F90: =IF(E90="",D90,_xlfn.CONCAT(D90,"_",E90)) -> 0 | G90: =Concentrations!$O$5 -> 0 | H90: =IF(LEFT(D90,2)="KC","%","µM") -> µM | I90: {=IF(MOD(COLUMN(INDIRECT(B90&1)),2)=1,IF(MOD(C90,2)=1,$F$1,$F$2),IF(MOD(C90,2)=1,$H$1,$H$2))} -> 0
A91: D15 | B91: D | C91: 15 | D91: =Names!$P$5 -> 0 | E91: =IF(LEFT(D91,2)="KC",IF(_xlfn.CEILING.MATH(C91/2)-2<1,"",_xlfn.CEILING.MATH(C91/2)-2),"") | F91: =IF(E91="",D91,_xlfn.CONCAT(D91,"_",E91)) -> 0 | G91: =Concentrations!$P$5 -> 0 | H91: =IF(LEFT(D91,2)="KC","%","µM") -> µM | I91: {=IF(MOD(COLUMN(INDIRECT(B91&1)),2)=1,IF(MOD(C91,2)=1,$F$1,$F$2),IF(MOD(C91,2)=1,$H$1,$H$2))} -> 0
A92: D16 | B92: D | C92: 16 | D92: =Names!$Q$5 -> 0 | E92: =IF(LEFT(D92,2)="KC",IF(_xlfn.CEILING.MATH(C92/2)-2<1,"",_xlfn.CEILING.MATH(C92/2)-2),"") | F92: =IF(E92="",D92,_xlfn.CONCAT(D92,"_",E92)) -> 0 | G92: =Concentrations!$Q$5 -> 0 | H92: =IF(LEFT(D92,2)="KC","%","µM") -> µM | I92: {=IF(MOD(COLUMN(INDIRECT(B92&1)),2)=1,IF(MOD(C92,2)=1,$F$1,$F$2),IF(MOD(C92,2)=1,$H$1,$H$2))} -> 0
A93: D17 | B93: D | C93: 17 | D93: =Names!$R$5 -> 0 | E93: =IF(LEFT(D93,2)="KC",IF(_xlfn.CEILING.MATH(C93/2)-2<1,"",_xlfn.CEILING.MATH(C93/2)-2),"") | F93: =IF(E93="",D93,_xlfn.CONCAT(D93,"_",E93)) -> 0 | G93: =Concentrations!$R$5 -> 0 | H93: =IF(LEFT(D93,2)="KC","%","µM") -> µM | I93: {=IF(MOD(COLUMN(INDIRECT(B93&1)),2)=1,IF(MOD(C93,2)=1,$F$1,$F$2),IF(MOD(C93,2)=1,$H$1,$H$2))} -> 0
A94: D18 | B94: D | C94: 18 | D94: =Names!$S$5 -> 0 | E94: =IF(LEFT(D94,2)="KC",IF(_xlfn.CEILING.MATH(C94/2)-2<1,"",_xlfn.CEILING.MATH(C94/2)-2),"") | F94: =IF(E94="",D94,_xlfn.CONCAT(D94,"_",E94)) -> 0 | G94: =Concentrations!$S$5 -> 0 | H94: =IF(LEFT(D94,2)="KC","%","µM") -> µM | I94: {=IF(MOD(COLUMN(INDIRECT(B94&1)),2)=1,IF(MOD(C94,2)=1,$F$1,$F$2),IF(MOD(C94,2)=1,$H$1,$H$2))} -> 0
A95: D19 | B95: D | C95: 19 | D95: =Names!$T$5 -> 0 | E95: =IF(LEFT(D95,2)="KC",IF(_xlfn.CEILING.MATH(C95/2)-2<1,"",_xlfn.CEILING.MATH(C95/2)-2),"") | F95: =IF(E95="",D95,_xlfn.CONCAT(D95,"_",E95)) -> 0 | G95: =Concentrations!$T$5 -> 0 | H95: =IF(LEFT(D95,2)="KC","%","µM") -> µM | I95: {=IF(MOD(COLUMN(INDIRECT(B95&1)),2)=1,IF(MOD(C95,2)=1,$F$1,$F$2),IF(MOD(C95,2)=1,$H$1,$H$2))} -> 0
A96: D20 | B96: D | C96: 20 | D96: =Names!$U$5 -> 0 | E96: =IF(LEFT(D96,2)="KC",IF(_xlfn.CEILING.MATH(C96/2)-2<1,"",_xlfn.CEILING.MATH(C96/2)-2),"") | F96: =IF(E96="",D96,_xlfn.CONCAT(D96,"_",E96)) -> 0 | G96: =Concentrations!$U$5 -> 0 | H96: =IF(LEFT(D96,2)="KC","%","µM") -> µM | I96: {=IF(MOD(COLUMN(INDIRECT(B96&1)),2)=1,IF(MOD(C96,2)=1,$F$1,$F$2),IF(MOD(C96,2)=1,$H$1,$H$2))} -> 0
A97: D21 | B97: D | C97: 21 | D97: =Names!$V$5 -> 0 | E97: =IF(LEFT(D97,2)="KC",IF(_xlfn.CEILING.MATH(C97/2)-2<1,"",_xlfn.CEILING.MATH(C97/2)-2),"") | F97: =IF(E97="",D97,_xlfn.CONCAT(D97,"_",E97)) -> 0 | G97: =Concentrations!$V$5 -> 0 | H97: =IF(LEFT(D97,2)="KC","%","µM") -> µM | I97: {=IF(MOD(COLUMN(INDIRECT(B97&1)),2)=1,IF(MOD(C97,2)=1,$F$1,$F$2),IF(MOD(C97,2)=1,$H$1,$H$2))} -> 0
A98: D22 | B98: D | C98: 22 | D98: =Names!$W$5 -> 0 | E98: =IF(LEFT(D98,2)="KC",IF(_xlfn.CEILING.MATH(C98/2)-2<1,"",_xlfn.CEILING.MATH(C98/2)-2),"") | F98: =IF(E98="",D98,_xlfn.CONCAT(D98,"_",E98)) -> 0 | G98: =Concentrations!$W$5 -> 0 | H98: =IF(LEFT(D98,2)="KC","%","µM") -> µM | I98: {=IF(MOD(COLUMN(INDIRECT(B98&1)),2)=1,IF(MOD(C98,2)=1,$F$1,$F$2),IF(MOD(C98,2)=1,$H$1,$H$2))} -> 0
A99: D23 | B99: D | C99: 23 | D99: =Names!$X$5 -> DMSO | E99: =IF(LEFT(D99,2)="KC",IF(_xlfn.CEILING.MATH(C99/2)-2<1,"",_xlfn.CEILING.MATH(C99/2)-2),"") | F99: =IF(E99="",D99,_xlfn.CONCAT(D99,"_",E99)) -> DMSO | G99: =Concentrations!$X$5 -> 0 | H99: =IF(LEFT(D99,2)="KC","%","µM") -> µM | I99: {=IF(MOD(COLUMN(INDIRECT(B99&1)),2)=1,IF(MOD(C99,2)=1,$F$1,$F$2),IF(MOD(C99,2)=1,$H$1,$H$2))} -> 0
A100: D24 | B100: D | C100: 24 | D100: =Names!$Y$5 -> DMSO | E100: =IF(LEFT(D100,2)="KC",IF(_xlfn.CEILING.MATH(C100/2)-2<1,"",_xlfn.CEILING.MATH(C100/2)-2),"") | F100: =IF(E100="",D100,_xlfn.CONCAT(D100,"_",E100)) -> DMSO | G100: =Concentrations!$Y$5 -> 0 | H100: =IF(LEFT(D100,2)="KC","%","µM") -> µM | I100: {=IF(MOD(COLUMN(INDIRECT(B100&1)),2)=1,IF(MOD(C100,2)=1,$F$1,$F$2),IF(MOD(C100,2)=1,$H$1,$H$2))} -> 0
...

Sheet Sheet1
A1: =Names!$B$2 -> DMSO
A2: =Names!$C$2 -> DMSO
A3: =Names!$D$2 -> 0
A4: =Names!$E$2 -> 0
A5: =Names!$F$2 -> 0
A6: =Names!$G$2 -> 0
A7: =Names!$H$2 -> 0
A8: =Names!$I$2 -> 0
A9: =Names!$J$2 -> 0
A10: =Names!$K$2 -> 0
A11: =Names!$L$2 -> 0
A12: =Names!$M$2 -> 0
A13: =Names!$N$2 -> 0
A14: =Names!$O$2 -> 0
A15: =Names!$P$2 -> 0
A16: =Names!$Q$2 -> 0
A17: =Names!$R$2 -> 0
A18: =Names!$S$2 -> 0
A19: =Names!$T$2 -> 0
A20: =Names!$U$2 -> 0
A21: =Names!$V$2 -> 0
A22: =Names!$W$2 -> 0
A23: =Names!$X$2 -> DMSO
A24: =Names!$Y$2 -> DMSO
A25: =Names!$B$3 -> Emetine dihydrochloride
A26: =Names!$C$3 -> Cyclohexamide
A27: =Names!$D$3 -> 0
A28: =Names!$E$3 -> 0
A29: =Names!$F$3 -> 0
A30: =Names!$G$3 -> 0
A31: =Names!$H$3 -> 0
A32: =Names!$I$3 -> 0
A33: =Names!$J$3 -> 0
A34: =Names!$K$3 -> 0
A35: =Names!$L$3 -> 0
A36: =Names!$M$3 -> 0
A37: =Names!$N$3 -> 0
A38: =Names!$O$3 -> 0
A39: =Names!$P$3 -> 0
A40: =Names!$Q$3 -> 0
A41: =Names!$R$3 -> 0
A42: =Names!$S$3 -> 0
A43: =Names!$T$3 -> 0
A44: =Names!$U$3 -> 0
A45: =Names!$V$3 -> 0
A46: =Names!$W$3 -> 0
A47: =Names!$X$3 -> DMSO
A48: =Names!$Y$3 -> DMSO
A49: =Names!$B$4 -> DMSO
A50: =Names!$C$4 -> DMSO
A51: =Names!$D$4 -> 0
A52: =Names!$E$4 -> 0
A53: =Names!$F$4 -> 0
A54: =Names!$G$4 -> 0
A55: =Names!$H$4 -> 0
A56: =Names!$I$4 -> 0
A57: =Names!$J$4 -> 0
A58: =Names!$K$4 -> 0
A59: =Names!$L$4 -> 0
A60: =Names!$M$4 -> 0
A61: =Names!$N$4 -> 0
A62: =Names!$O$4 -> 0
A63: =Names!$P$4 -> 0
A64: =Names!$Q$4 -> 0
A65: =Names!$R$4 -> 0
A66: =Names!$S$4 -> 0
A67: =Names!$T$4 -> 0
A68: =Names!$U$4 -> 0
A69: =Names!$V$4 -> 0
A70: =Names!$W$4 -> 0
A71: =Names!$X$4 -> DMSO
A72: =Names!$Y$4 -> DMSO
A73: =Names!$B$5 -> Repaglinide
A74: =Names!$C$5 -> Parbendazol
A75: =Names!$D$5 -> 0
A76: =Names!$E$5 -> 0
A77: =Names!$F$5 -> 0
A78: =Names!$G$5 -> 0
A79: =Names!$H$5 -> 0
A80: =Names!$I$5 -> 0
A81: =Names!$J$5 -> 0
A82: =Names!$K$5 -> 0
A83: =Names!$L$5 -> 0
A84: =Names!$M$5 -> 0
A85: =Names!$N$5 -> 0
A86: =Names!$O$5 -> 0
A87: =Names!$P$5 -> 0
A88: =Names!$Q$5 -> 0
A89: =Names!$R$5 -> 0
A90: =Names!$S$5 -> 0
A91: =Names!$T$5 -> 0
A92: =Names!$U$5 -> 0
A93: =Names!$V$5 -> 0
A94: =Names!$W$5 -> 0
A95: =Names!$X$5 -> DMSO
A96: =Names!$Y$5 -> DMSO
A97: =Names!$B$6 -> DMSO
A98: =Names!$C$6 -> DMSO
A99: =Names!$D$6 -> 0
A100: =Names!$E$6 -> 0
...

Sheet Names
B1: 1 | C1: 2 | D1: 3 | E1: 4 | F1: 5 | G1: 6 | H1: 7 | I1: 8 | J1: 9 | K1: 10 | L1: 11 | M1: 12 | N1: 13 | O1: 14 | P1: 15 | Q1: 16 | R1: 17 | S1: 18 | T1: 19 | U1: 20 | V1: 21 | W1: 22 | X1: 23 | Y1: 24
A2: A | B2: DMSO | C2: DMSO | X2: DMSO | Y2: DMSO
A3: B | B3: Emetine dihydrochloride | C3: Cyclohexamide | X3: DMSO | Y3: DMSO
A4: C | B4: DMSO | C4: DMSO | X4: DMSO | Y4: DMSO
A5: D | B5: Repaglinide | C5: Parbendazol | X5: DMSO | Y5: DMSO
A6: E | B6: DMSO | C6: DMSO | X6: DMSO | Y6: DMSO
A7: F | B7: Cyclohexamide | C7: Fenbendazole | X7: DMSO | Y7: DMSO
A8: G | B8: DMSO | C8: DMSO | X8: DMSO | Y8: DMSO
A9: H | B9: Parbendazol | C9: Emetine dihydrochloride | X9: DMSO | Y9: DMSO
A10: I | B10: DMSO | C10: DMSO | X10: DMSO | Y10: DMSO
A11: J | B11: Fenbendazole | C11: Repaglinide | X11: DMSO | Y11: DMSO
A12: K | B12: DMSO | C12: DMSO | X12: DMSO | Y12: DMSO
A13: L | B13: Emetine dihydrochloride | C13: Cyclohexamide | X13: DMSO | Y13: DMSO
... A17: P | B17: DMSO | C17: Fenbendazole | X17: DMSO | Y17: DMSO

Sheet Concentrations
B1: 1 | C1: 2 | D1: 3 | E1: 4 | F1: 5 | G1: 6 | H1: 7 | I1: 8 | J1: 9 | K1: 10 | L1: 11 | M1: 12 | N1: 13 | O1: 14 | P1: 15 | Q1: 16 | R1: 17 | S1: 18 | T1: 19 | U1: 20 | V1: 21 | W1: 22 | X1: 23 | Y1: 24
A2: A | B2: 0 | C2: 0 | X2: 0 | Y2: 0
A3: B | B3: 5 | C3: 1 | X3: 0 | Y3: 0
A4: C | B4: 0 | C4: 0 | X4: 0 | Y4: 0
A5: D | B5: 5 | C5: 1 | X5: 0 | Y5: 0
A6: E | B6: 0 | C6: 0 | X6: 0 | Y6: 0
A7: F | B7: 5 | C7: 1 | X7: 0 | Y7: 0
A8: G | B8: 0 | C8: 0 | X8: 0 | Y8: 0
A9: H | B9: 5 | C9: 0.3 | X9: 0 | Y9: 0
A10: I | B10: 0 | C10: 0 | X10: 0 | Y10: 0
A11: J | B11: 5 | C11: 0.3 | X11: 0 | Y11: 0
A12: K | B12: 0 | C12: 0 | X12: 0 | Y12: 0
A13: L | B13: 1 | C13: 0.3 | X13: 0 | Y13: 0
... A17: P | B17: 0 | C17: 0.3 | X17: 0 | Y17: 0
